{
  "manifest-bundle.zip": 1645776512016,
  "utils/locate-reuse-libs.js": 1645774540105,
  "manifest.json": 1645776511998,
  "model/models.js": 1645774540101,
  "controller/View1.controller.js": 1645775652978,
  "Component.js": 1645774540089,
  "i18n/i18n.properties": 1645774554221,
  "Component-preload.js": 1645776512278,
  "model/models-dbg.js": 1645774540101,
  "utils/locate-reuse-libs-dbg.js": 1645774540105,
  "controller/View1-dbg.controller.js": 1645775652978,
  "Component-dbg.js": 1645774540089,
  "view/View1.view.xml": 1645775580157,
  "css/style.css": 1645774540105,
  "index.html": 1645774540093
}