{
  "index.html": 1645774540093,
  "utils/locate-reuse-libs.js": 1645774540105,
  "manifest.json": 1646070601195,
  "model/models.js": 1645774540101,
  "controller/View1.controller.js": 1646070530940,
  "Component.js": 1645774540089,
  "manifest-bundle.zip": 1646070601205,
  "Component-preload.js": 1646070601464,
  "controller/View1-dbg.controller.js": 1646070530940,
  "model/models-dbg.js": 1645774540101,
  "utils/locate-reuse-libs-dbg.js": 1645774540105,
  "Component-dbg.js": 1645774540089,
  "view/View1.view.xml": 1646066320857,
  "css/style.css": 1645774540105,
  "i18n/i18n.properties": 1645774554221
}