{
  "view/View1.view.xml": 1649069851658,
  "Component.js": 1649069851658,
  "utils/locate-reuse-libs.js": 1649069851658,
  "model/models.js": 1649069851658,
  "controller/View1.controller.js": 1650252927795,
  "manifest.json": 1650272291680,
  "manifest-bundle.zip": 1650272291703,
  "Component-preload.js": 1650272292009,
  "utils/locate-reuse-libs-dbg.js": 1649069851658,
  "model/models-dbg.js": 1649069851658,
  "controller/View1-dbg.controller.js": 1650252927795,
  "Component-dbg.js": 1649069851658,
  "i18n/i18n.properties": 1649069851658,
  "css/style.css": 1649069851658,
  "index.html": 1649069851658
}